group	d__Archaea	d__Bacteria	
Treatment_120_10min	61.53846153846154	100.0	
Treatment_Control	30.76923076923077	100.0	
